Feature;Average TF-IDF Score
ai;0.051309997626539594
job;0.03956425017589034
not;0.03720439474082581
people;0.026471863411581996
replace;0.0211942365262392
human;0.019728912001703156
go;0.01787851312564739
robot;0.017443279442831545
work;0.016342215528368613
video;0.015108992306633097
get;0.015006796027315188
use;0.013772072807835834
make;0.013234095131703665
need;0.013122008127117465
take;0.01250107094207189
think;0.012130986066363885
safe;0.011985906623511474
year;0.011245128346358378
guy;0.011238400523046603
time;0.011042733092386691
well;0.010980335682221325
come;0.010547646600761903
create;0.009484601460528454
pay;0.009219941854771142
want;0.009163745191650637
money;0.009049823731453037
love;0.009015233417734829
know;0.008685903208292146
loud;0.008679346219560341
machine;0.008521141451123098
good;0.008510710299429361
become;0.008365226933754999
thing;0.008307387570914832
look;0.008203997649295585
future;0.008092401044785856
say;0.00781000773173532
chatgpt;0.007699638459831986
way;0.007451802846258123
laugh;0.007347231222050232
government;0.0071823627462441674
already;0.007165691575656179
great;0.006909651511605751
world;0.006901696150191978
live;0.0067800709024506325
never;0.006750728526583401
fuck;0.006592951901522208
technology;0.006519252440351251
life;0.006509745311666539
even;0.006493088343631169
run;0.006319644125294777
see;0.006269108763990257
always;0.006267281073510084
learn;0.006220004167617799
question;0.006189253276538615
god;0.006156585482058835
many;0.00606427102691643
watch;0.006039493576481422
income;0.0060071063109809475
give;0.006002613796194834
high;0.005953988180209701
end;0.005923106190761224
new;0.005878904520881688
remember;0.00580288129776304
labor;0.005743664513777629
care;0.005686354480177814
field;0.005434948069754107
company;0.005423652197396997
actually;0.005413071093534811
sure;0.005341216398849073
much;0.005328497407100747
happen;0.005304323425385851
software;0.005299121848044528
back;0.00527909807252084
everything;0.00526113486696555
developer;0.005249309285441153
someone;0.005229507833831559
word;0.005227178783103505
first;0.00510800705601566
engineer;0.0050689639673531075
lot;0.005051337889656161
next;0.005040640996542382
free;0.00500703784660631
rich;0.004957141956281585
long;0.004908498847737328
something;0.004883486280837264
buy;0.00487841685006949
right;0.004871811019057077
tax;0.004869990767617524
change;0.0048506984383067525
best;0.004845800128071831
creative;0.004832821931792568
joe;0.004819221292456097
day;0.004782443922985259
talent;0.004760825753502862
career;0.004735353523137776
business;0.0047253982436771345
intelligence;0.0046258823625067134
wait;0.0045954111865074134
cheap;0.004590353425828678
system;0.004558827970244593
try;0.004556626021422615
farmer;0.0045351473922902496
trade;0.0045312225168701375
electrician;0.004455951544844417
worker;0.004425970165106336
man;0.004417655638238147
tool;0.004409982786421805
thank;0.004395845872439968
die;0.004388042122463909
everyone;0.004368864798436245
thanks;0.00435420619396802
humanoid;0.004338262734472132
also;0.004335929150302854
real;0.004284540704241483
keep;0.004283541719813972
play;0.004175653594601549
nurse;0.004155700319560775
adapt;0.004146342590095918
basic;0.0041318791855935455
skill;0.00413076568712063
fire;0.004082319613415724
race;0.004064714869763745
mind;0.004010542666346903
point;0.003965345147891648
let;0.003908330200456393
internet;0.0038898359982814973
society;0.003881561597958743
yes;0.0038406864638332455
wrong;0.0038399676633169852
solution;0.0038278032120669663
start;0.0038067008521137286
pretty;0.0037845217875502445
different;0.0037749968518603805
talk;0.0037633648191891245
danger;0.003734716730785739
advantage;0.003702301028780557
universal;0.003701221177765092
program;0.0036864258103301768
biology;0.0036857753619886583
form;0.0036780133325632703
idea;0.0036655190744671277
last;0.0036537906516814307
proof;0.003634196774056819
india;0.003626230829455589
term;0.0036089037043384124
tell;0.0036059447217662898
guest;0.003594128996183545
data;0.0035867261592399465
really;0.0035529865858764235
ago;0.00354906856998315
mostly;0.00354260914779587
stuff;0.0035168415134841143
patrick;0.003500263827428138
test;0.0034889378465534577
solid;0.0034812304521854454
able;0.0034803880104046434
engineering;0.003480106806180775
gay;0.003474646437854524
automate;0.003472938799260957
bring;0.003424600896145144
big;0.003423472629909128
away;0.0034209769294748994
country;0.003394885229760743
lazy;0.003383423809301571
absolutely;0.0033657295176825605
help;0.003364653588172262
save;0.003355539881673448
imagine;0.0033257731235554256
class;0.0032801121129548833
physical;0.0032788040331221155
content;0.0032739687068894844
xd;0.0032734742367170767
verb;0.0032470694194775907
industry;0.0032403311914845885
enough;0.0032205152937618857
trust;0.003216722138275308
answer;0.003213079874481874
plumber;0.0031944636496946087
month;0.0031842596753024035
nothing;0.003170353935958016
model;0.003163018156262799
problem;0.003158425494721181
similar;0.003148183067107404
push;0.0031467748760458394
write;0.003140719028725422
comment;0.003127431197694745
find;0.0031161420910749676
list;0.0031139441133457854
sell;0.003111645715098733
sponsor;0.00309915766041526
top;0.0030972615325816797
salary;0.003088106991053715
deal;0.0030769843045408674
realize;0.003058768249394504
computer;0.0030451085440546233
listen;0.003031504306262844
service;0.00302143802819642
earth;0.0030037776557874014
show;0.002991298768331085
benefit;0.0029778454467868504
fake;0.0029764096684955195
yet;0.0029689934909404468
doctor;0.0029687766215350576
family;0.0029681000021312023
kind;0.0029497580777771426
education;0.0029479343746752025
fast;0.0029411891726563934
sector;0.002940782120901623
fine;0.002934483924252841
base;0.0029128432429506596
mom;0.0029102474272800277
instead;0.00289414277392182
the;0.002884665450650196
understand;0.0028787085256199198
section;0.0028604107628770236
sam;0.002832842442352562
hard;0.0028195695678246598
driver;0.002798415464795162
general;0.002791323029165175
anyone;0.002790245225774794
perform;0.002790239058042569
tech;0.0027790368392607116
nah;0.00277666982914842
eat;0.0027720132950102222
bd;0.0027644409772027345
role;0.0027553359901317533
suck;0.002745763689368963
openai;0.0027230899860582938
vocal;0.002717882193650981
fry;0.002717882193650981
rule;0.0027173792042369652
relate;0.002710146455606727
probably;0.0027095332790788287
beast;0.002709090443632052
decade;0.0026953535580492905
woman;0.0026885075465063984
flat;0.0026870170173310106
zuckerberg;0.002684394607766598
exactly;0.0026826346921575333
whole;0.002668797965153961
task;0.0026535452649810148
greed;0.0026433067477909067
bill;0.002629616253207158
almost;0.002625794465004899
power;0.0026256880173650982
accountant;0.0026163662767045084
maybe;0.002614036615580967
fbi;0.0026110237509039185
face;0.002607714859511844
lose;0.0025987367931132243
interesting;0.0025904502206929537
stop;0.002579093361305393
interest;0.0025740981240395043
ever;0.0025598833974926935
cause;0.0025596668560695277
anything;0.002530488787834353
fear;0.0025290339233154484
lent;0.002512353783157684
green;0.002512353783157684
soy;0.002512353783157684
destroy;0.00251223501345569
etc;0.002505341545065512
forward;0.002490106019870485
predict;0.002464712499728997
movie;0.0024600982722636135
impact;0.002456276166508379
figure;0.0024434358838029235
survive;0.0024424084886542465
humanity;0.0024398422460925016
please;0.002438893546355022
maintain;0.0024381241372006613
art;0.0024342899737187455
nice;0.0024091804941470084
agi;0.0024051892688378585
creator;0.002397901375709113
simple;0.002395121988635738
value;0.0023925731183708243
add;0.002390518564875703
self;0.0023845876320870993
revolution;0.0023790347452770674
course;0.0023790302541184002
move;0.002374793556140065
casualty;0.0023716598771988608
shit;0.0023652987922516116
game;0.002363727462908764
else;0.002360827482165171
poor;0.002356642596839138
require;0.0023512002736910125
no;0.0023432010687950123
break;0.002337827575825937
train;0.0023372670804477132
market;0.0023278695381362398
win;0.0023215281047298513
totally;0.002308792517229161
cheat;0.0022926485659185572
fm;0.0022675736961451248
cope;0.0022675736961451248
intrigue;0.0022675736961451248
bureaucracy;0.0022675736961451248
blowing;0.0022675736961451248
star;0.0022675736961451248
dough;0.0022675736961451248
entire;0.0022605690531792163
view;0.0022494036741255675
fall;0.002234593392426436
finally;0.0022254853886439618
paper;0.0022173134882590506
crazy;0.002215659362803647
factory;0.0022151951733147194
fully;0.0022140407584873797
short;0.0022027197195459004
replacement;0.0022009469352206245
doubt;0.0021947602617439187
concentrate;0.002192969632592057
order;0.002191510659314372
join;0.0021904228282906596
perfect;0.002187797155143463
turn;0.00218274005707418
introduce;0.0021824937625786137
truck;0.0021754592031400523
allow;0.002175332510629957
hope;0.002168667666948314
control;0.0021653583868734934
antichrist;0.0021544043834449077
process;0.002151825984747225
explain;0.0021512312180108073
possible;0.0021511787463416193
population;0.0021509201263517548
ship;0.002142820037557226
ahead;0.0021407451749868864
capable;0.002138466403817346
ask;0.0021356259663513457
hear;0.002134207957888167
going;0.0021317395477214456
guess;0.002131425898901193
matter;0.0021236460212291416
carpenter;0.00212254833961378
number;0.002120601930516461
build;0.002117136407461977
surgery;0.002100448564043544
replaceable;0.002100439527444189
actor;0.002096841148905998
actress;0.002096841148905998
school;0.002096302312036703
productive;0.0020938649272635515
wonder;0.002092295632674679
minute;0.002088867546726719
billionaire;0.002084932271077615
hype;0.002084142138830082
google;0.002083674100284768
development;0.0020808922137830334
elite;0.0020790839509368616
stock;0.002074041759188833
generate;0.00206913795020669
teacher;0.002068350712690274
training;0.0020553206029258037
team;0.0020540545084505443
earn;0.002053590458205704
effect;0.002041796024587573
wall;0.0020363035179562683
easy;0.002029702282437383
bias;0.002025267790935729
worry;0.00201315562844097
jesus;0.002012619060190579
public;0.0020111588248729476
product;0.0020103147554737842
cod;0.0020071512674918607
brain;0.002004655538828968
insane;0.0019995618815534673
gigabit;0.0019987580216023083
capitalism;0.001990627542077918
especially;0.0019787068233205335
today;0.001972273828703643
demand;0.001970454044591645
grab;0.0019686008491255425
park;0.00196235001565997
environment;0.0019622890115317195
employee;0.0019518995074355198
profit;0.0019471061059165577
enlighten;0.0019451904079863783
set;0.001944499665976698
gate;0.0019425598296345446
obsolete;0.0019423825055961486
youtubers;0.001938837358496769
cost;0.0019317017407269035
apply;0.0019293188162941527
gpt;0.0019263989590985733
beginning;0.0019051997341546314
matrix;0.0019028529676638995
suddenly;0.0018966149173671124
type;0.0018951415242200505
rise;0.0018950280446626906
gen;0.0018905702009680808
unemployed;0.0018830748170297886
bad;0.0018748597148212313
skilled;0.0018732554804453704
degree;0.0018730776882354455
javascript;0.001861953420351343
longer;0.0018612729492185269
quality;0.0018591916858958204
clue;0.0018456033297560165
eventually;0.0018324020159333427
farm;0.0018298092865391639
distribution;0.001825154672533729
amaze;0.0018239395141969443
smart;0.0018189648134109588
huge;0.0018162085687853146
oops;0.0018154060163449433
entertainment;0.0018075587248016119
lead;0.0018040496965176455
false;0.0018037334082948626
agriculture;0.0017938424043504196
ad;0.0017887424610814212
excellent;0.0017851011181843897
la;0.0017800808581035037
result;0.001775823449930357
call;0.0017731434197175312
advance;0.001772093252156467
ceo;0.0017684951780233458
unavoidable;0.0017670518547108396
petroleum;0.0017670518547108396
dev;0.0017659023519832262
online;0.0017564221624480122
burger;0.0017558104339298083
semiconductor;0.0017463198872121747
meter;0.0017463198872121747
sound;0.0017431136882697421
generative;0.0017411954451516803
person;0.0017406008535745445
automation;0.001736719608859741
old;0.0017262396802231377
risk;0.001722110299698502
renzo;0.0017219718051370279
compare;0.0017192490578585781
operate;0.0017188565500780397
close;0.001716881380640541
programmer;0.0017148397648989447
okay;0.001713208911497393
technical;0.0017125220542084409
channel;0.0017080938913026967
invent;0.0017079746493444696
sale;0.0017032325690056053
electricity;0.0016984075416445017
provide;0.0016979577620477007
ton;0.0016811265867417715
shiny;0.0016785560253676185
main;0.0016778451915999328
efficient;0.0016763110077637712
science;0.0016707776690067964
seem;0.0016552475682551397
vibe;0.001654999371355725
cooped;0.001654999371355725
timeline;0.001654999371355725
mark;0.001654999371355725
referee;0.001654999371355725
title;0.0016549988239876927
alive;0.001654193214381136
experience;0.0016538414779831072
elon;0.0016533567598368314
frighten;0.001651756926953339
economic;0.0016482440874322486
hacker;0.0016438238719698748
fling;0.0016432171302356595
robotics;0.0016398874260164255
energy;0.0016348755905980254
car;0.001633041049704412
kid;0.0016215957161800493
fact;0.001620510491063598
depression;0.00161770099235395
treat;0.0016164264863089495
distribute;0.0016157797521077766
dude;0.0016149806015883998
costume;0.0016106937545297573
deep;0.0016085979472192902
name;0.0016082134649580073
bag;0.0016034167373844617
parade;0.0016034167373844617
young;0.0016034167373844617
palantir;0.0016034167373844617
cat;0.0016034167373844617
aip;0.0016034167373844617
agree;0.001599256408198179
toxic;0.0015975621313305466
knowledge;0.001590522089612784
hate;0.0015873390131917033
full;0.0015870145708296618
steal;0.0015824115904843291
food;0.001581592738367092
leave;0.001581165455399663
teach;0.0015802816904202908
sign;0.0015798451297110048
judge;0.0015777591460290263
however;0.0015732612335840408
nobody;0.0015713325429392903
faster;0.0015709099646023523
america;0.0015673955893415361
remove;0.0015626938019557943
dead;0.0015603735561979732
bright;0.0015577450637000922
meaning;0.0015556870734684096
search;0.001554487925217458
describe;0.001549917826602275
rock;0.0015368519901538954
mankind;0.0015358955151870543
everybody;0.001535080619586434
goodbye;0.0015328847743603777
walk;0.0015317447590971886
invest;0.001531115128617139
important;0.0015204717527521204
support;0.001511922543677787
stupid;0.001510049692728637
concern;0.00150938749610395
anywhere;0.0015090635733296732
ok;0.0015088762556930465
song;0.001505654050211303
artificial;0.0015042014169862434
act;0.0015039836213525588
begin;0.0015009956671147575
meaningful;0.0014989127887198622
programming;0.0014988686824962954
building;0.0014980025086034675
carpentry;0.0014980025086034675
artist;0.0014898913871953818
consider;0.0014846266951589375
scar;0.0014846169232565186
bla;0.001483186737416367
source;0.001478734187035161
segment;0.0014775530972655948
flip;0.0014759678473702529
reach;0.0014726312105552918
serve;0.0014725520444684981
lay;0.001471215198385114
reality;0.0014711958821983357
leader;0.0014667202506373955
bot;0.0014602630953571218
far;0.0014535058806335937
repair;0.0014504292611155194
replaces;0.001447572488031928
scary;0.0014433565187702247
favorite;0.0014395815346896585
toy;0.001436763560383308
law;0.0014352527792884885
code;0.0014311772788623486
ther;0.0014273023548362746
sooner;0.0014259457481484938
resource;0.0014258539952609604
increase;0.0014189685172083491
creepiest;0.0014163098521007595
mass;0.0014152978777857857
parent;0.001411161302486263
traveler;0.001410335584121539
director;0.001410335584121539
hr;0.0014080773401176903
death;0.001405115736556479
maintenance;0.001405095688229628
ownership;0.0014032278047442302
countryside;0.0013984043794158223
home;0.0013976956252500085
later;0.001395850698908092
modern;0.0013912335665202768
none;0.0013890737225735273
project;0.001388169084547612
production;0.0013864127703257655
nope;0.0013863496387166857
develop;0.0013845788527764211
promote;0.001382593798773389
yo;0.0013818140143433506
zone;0.0013818140143433506
near;0.001380566474316741
read;0.0013745715468274568
legal;0.0013706982163526856
porn;0.00136627016904143
newbie;0.0013634011449694965
app;0.0013613765795340948
disability;0.0013606914389268402
hurt;0.0013606914389268402
hide;0.001359155029424841
correct;0.001359155029424841
sometimes;0.0013583452499866015
ladder;0.0013566163213318237
disadvantage;0.0013566163213318237
basically;0.0013548818169039978
scam;0.0013545434822793013
beautiful;0.0013524147387381058
ensure;0.0013489079216618073
second;0.0013450031893936778
loss;0.001342665149918688
uptime;0.001336813942413544
fucked;0.001336813942413544
area;0.001336685439413473
wow;0.0013364698640406544
true;0.001334758019866269
anymore;0.0013314009421044523
towards;0.0013273375104651854
python;0.0013235112255114367
disagree;0.0013226083285585843
immune;0.0013211536315321237
evolution;0.0013177273745939386
super;0.0013177273745939386
extremely;0.0013174376622620497
skin;0.0013145771332254983
android;0.001306920640942237
focus;0.0013056554553606571
late;0.0013021313293217493
screwed;0.0012966479253709395
fan;0.0012963983688396607
warehouse;0.0012922499031055939
potato;0.0012900502472648115
couch;0.0012900502472648115
redistribution;0.0012853383030527368
output;0.0012847679985877813
hitler;0.0012839807750052964
pbd;0.001282716135518682
pace;0.0012765423176195941
feel;0.0012749185833890522
mechanic;0.0012723581141918928
one;0.0012702839839223517
purpose;0.001269956847700676
entertainer;0.001268576713464816
robe;0.0012681487758352636
small;0.0012654359516431255
generation;0.0012651314763341744
russian;0.0012648402487744745
administrator;0.0012613524950981483
network;0.0012613524950981483
white;0.0012611758407798514
stream;0.0012551907504749055
algorithmic;0.0012544427137371021
uptick;0.0012541263292404569
less;0.0012503968548888424
cnbc;0.0012498620575101419
unbiased;0.0012498620575101419
podcast;0.001248148979434334
geoffrey;0.001248148979434334
hinton;0.001248148979434334
drive;0.00124803562647161
literally;0.0012472068396629987
jihadi;0.0012448188299026156
rodney;0.0012445913073075743
dangerfield;0.0012445913073075743
improvement;0.0012393494632987785
level;0.0012368090338574682
worth;0.0012359883395734671
million;0.0012355402028830396
put;0.0012316393726966679
yeah;0.0012309125151852927
lie;0.0012280048825027234
wbc;0.0012280048825027234
air;0.0012280048825027234
enjoy;0.001226301329573441
south;0.0012237840090658814
gtp;0.0012179946092430052
animal;0.00121550925413913
element;0.0012154119096244222
ideology;0.0012153066353964234
bravo;0.0012136519623242984
proud;0.0012136519623242984
struggle;0.001213090741518908
uninspiring;0.0012110210122618092
pat;0.0012070526367865323
inspiring;0.0012070526367865323
cab;0.0012070526367865323
cashier;0.0012070526367865323
monitor;0.0012058988385580567
pacing;0.0012054104315693996
straight;0.0012035216956156254
influential;0.001201318392398148
salesman;0.001199997108978669
pick;0.001198666873377064
yea;0.001198666873377064
scientist;0.0011976066519496218
rely;0.001197336411836514
certainly;0.001195059705258105
warn;0.0011937613804230854
meme;0.001193235384361204
galahad;0.001193235384361204
democrat;0.001192864415663201
wedding;0.001192864415663201
lol;0.001192864415663201
desantis;0.001192864415663201
photographer;0.001192864415663201
background;0.001192864415663201
regardless;0.0011904377076218426
practice;0.0011898700382038537
current;0.001186991562378586
track;0.0011860298020575195
trace;0.0011860298020575195
screw;0.0011851010640546867
introvert;0.0011851010640546867
felt;0.0011837758222611574
up;0.0011832870407541937
outro;0.0011832870407541937
material;0.00118319917718774
natural;0.0011746374625337893
presence;0.0011712010264707104
due;0.001167310496888211
gbt;0.0011639967090164914
engine;0.0011639967090164914
preferred;0.0011639967090164914
still;0.0011633548223583452
oppression;0.001162913133435598
plan;0.001162913133435598
sufficient;0.0011627754480818286
horror;0.001160552174699488
comprehension;0.001160552174699488
article;0.0011603720125871707
unemployment;0.0011593241937996686
hour;0.0011592690440440103
sentence;0.0011544659610394424
makeup;0.0011525160514531123
experiment;0.001151591067820956
healthy;0.001151591067820956
curiosity;0.001151591067820956
box;0.0011493639467653756
wage;0.0011425343048435432
detached;0.001140260056293848
construction;0.001138729661631398
sir;0.001138729661631398
insight;0.001136990635006554
gee;0.0011331012454072632
drone;0.0011283052891446304
spend;0.001124452926736987
solve;0.0011213554365867337
door;0.0011196663886397684
efficiency;0.0011185442822623376
starve;0.0011178461168879163
saw;0.0011176556693489447
theory;0.0011169472622261818
economy;0.0011132942730047756
advancement;0.0011122076242283034
alone;0.0011121403389700044
info;0.0011085143762058721
continue;0.0011072410289137656
severe;0.0011029125326586016
suffer;0.0011029125326586016
prophet;0.0011016380040436368
avoid;0.0011016380040436368
manager;0.0011012031729900104
approve;0.0011012031729900104
scammer;0.0010993772536000194
politician;0.0010993772536000194
thief;0.0010993772536000194
aspect;0.001098842042785195
delete;0.001098842042785195
financial;0.001093535647908788
method;0.0010910199286580595
luxury;0.0010896653339394617
buzz;0.0010885144950866586
cash;0.0010885144950866586
nature;0.0010867610722063226
cop;0.0010857380969817622
multiple;0.0010815988506781662
thousand;0.0010803860902235459
workload;0.0010791601370323109
least;0.001078971169545005
fool;0.001078884074171733
manual;0.0010788824965462188
reassure;0.0010785559065299754
weapon;0.0010785559065299754
nuclear;0.0010785559065299754
necessary;0.001078239965098586
sentient;0.001075596530070079
letter;0.001075447013737926
particularly;0.0010731015064811477
topic;0.0010725320592275046
office;0.0010724148201758184
ted;0.00107157316741487
kaczynski;0.00107157316741487
debate;0.00107157316741487
court;0.0010702923390947133
expensive;0.001064381764722652
release;0.0010631052996158514
difference;0.0010624818480825995
advanced;0.001062199945070202
professional;0.0010596751623109329
autopilot;0.0010596751623109329
pilot;0.0010596751623109329
advice;0.0010592692916873848
ibm;0.0010573728799908447
headstock;0.0010573728799908447
boogie;0.001055701686696324
tyrant;0.001055701686696324
russia;0.001055701686696324
scared;0.001055701686696324
around;0.001055240073177544
llm;0.0010502123266681353
wondering;0.0010473601226724419
keyboard;0.0010473601226724419
remainder;0.0010464942047427725
balloon;0.001042181399156472
nina;0.001042181399156472
jay;0.001042181399156472
by;0.001042181399156472
shape;0.0010412672127189928
hop;0.0010400112987058066
duolingo;0.0010383212921335674
usd;0.0010383212921335674
storage;0.001038160334057336
loser;0.0010359321652103734
winner;0.0010359321652103734
percentage;0.0010356252866463155
language;0.0010323127561056328
standard;0.001031562519712211
quite;0.001027510690326845
complex;0.0010261479825227574
available;0.0010260851250095966
haha;0.0010243864065943961
date;0.0010228320485958292
report;0.0010182320791955384
creation;0.0010173607299449124
phalanx;0.0010173607299449124
consistent;0.0010173607299449124
infinitely;0.0010157410301826022
richer;0.0010157410301826022
ability;0.0010143148814595767
bureaucratic;0.0010132816210569166
affect;0.001013138782752972
evolve;0.0010115608787139142
merge;0.0010115608787139142
case;0.0010114742172052861
single;0.0010102838354763323
non;0.0010092144762794935
route;0.0010092144762794935
amish;0.0010091611459259308
renounce;0.0010091611459259308
kinda;0.0010091611459259308
remains;0.0010070633118041598
thought;0.0010055754688910214
terrorist;0.0010031615202892087
desire;0.0010006001533097515
conversation;0.000992107619500049
opportunity;0.0009907299929574462
traditional;0.000989673008763548
slave;0.0009890182597470376
friend;0.0009880156953011462
emission;0.0009861794596417804
carbon;0.0009861794596417804
strive;0.0009851832171487202
soon;0.0009841175572160733
damn;0.0009838406465037673
phenomenal;0.0009838406465037673
scumbaggery;0.0009757637164842121
enable;0.0009757637164842121
infinite;0.0009752199947746633
hand;0.0009749427422157467
contain;0.0009711946859592277
ironic;0.0009711946859592277
private;0.0009705415202313438
welfare;0.0009695517144594655
tangent;0.0009695445747474736
con;0.000968893053584761
brick;0.0009673935284456933
specific;0.0009667939375688001
depend;0.0009653315298062655
mentality;0.0009642416016485244
boomer;0.0009642416016485244
decrease;0.0009625601705855644
believe;0.0009603637670771699
path;0.0009566708808795781
creativity;0.0009566708808795781
ridiculous;0.000954995794647028
period;0.0009517322135122587
crypto;0.0009470302109338903
investment;0.0009470302109338903
guide;0.0009470302109338903
funny;0.0009424251154641843
progressive;0.0009424251154641843
liberal;0.0009424251154641843
happy;0.0009422436514077948
trading;0.0009420306651254034
optimize;0.0009407583344673917
laggy;0.0009407583344673917
website;0.0009407583344673917
phone;0.0009407583344673917
smooth;0.0009391455728755637
chance;0.0009391455728755637
evaporate;0.0009386878127402075
accounting;0.0009386878127402075
filling;0.0009386878127402075
stripper;0.0009381178563887497
disrupt;0.0009381178563887497
wealthy;0.0009376006957050599
crux;0.0009352632475293526
lmao;0.0009349406117854484
truly;0.0009338367010311802
tldr;0.0009335400662544033
homophobic;0.0009309767101756716
sort;0.000930429185538166
assure;0.0009293809114541723
document;0.0009293809114541723
hai;0.0009291473530012794
examination;0.0009286246324231481
humanism;0.0009277363735376871
hell;0.0009277363735376871
stem;0.0009277363735376871
covid;0.0009267395727646299
past;0.0009242047732137344
hammer;0.0009238157933662127
hold;0.0009238157933662127
original;0.0009238157933662127
occur;0.00091895001049834
delivery;0.0009188416141422497
fascinating;0.000916318957853439
powerful;0.0009160454885648267
ah;0.0009148341739760891
taught;0.0009148341739760891
materialize;0.0009148341739760891
memorize;0.0009148341739760891
asian;0.0009147208553553452
group;0.0009147208553553452
ml;0.0009147208553553452
ironically;0.0009147208553553452
jobs;0.0009132850645521809
ko;0.0009129284506351303
week;0.0009109327871358222
gap;0.0009099820993466996
boyfriend;0.0009094801720424754
naked;0.0009093170798514169
body;0.0009093170798514169
heaven;0.0009083521389205507
prompt;0.0009063812666719494
include;0.0009063812666719494
tattoo;0.000903635725079239
barber;0.000903635725079239
dentist;0.000903635725079239
reduce;0.0009031847333466504
target;0.0009018564468300222
afford;0.0008957348587922519
intellectual;0.0008934316774413147
mulch;0.0008900404290517518
living;0.0008894390332048958
block;0.000888616105688624
extremist;0.0008884636991011253
hijack;0.0008875266997938536
load;0.0008875266997938536
privilege;0.000885161754622208
series;0.0008836304486659478
clarity;0.0008836304486659478
arc;0.0008836304486659478
scythe;0.0008836304486659478
customer;0.0008821208015162407
silently;0.0008821208015162407
chain;0.0008814703898074222
sense;0.0008811015058796676
shift;0.0008770480781331985
till;0.0008769408630127355
therapy;0.0008769408630127355
scale;0.0008759333367443242
aware;0.0008755654915249165
excel;0.0008740076748353569
folk;0.0008737680811790231
visit;0.0008676468845147064
progress;0.0008661224251727306
expert;0.000864885281897499
social;0.0008627081803233812
clear;0.0008612280325093337
backbone;0.0008609966595237742
kernel;0.0008609966595237742
optimization;0.0008609966595237742
smartphone;0.0008602680644052447
routine;0.0008589787575019944
glow;0.0008589787575019944
wipe;0.0008552598689255163
stack;0.0008542377383754773
like;0.0008542377383754773
overflow;0.0008542377383754773
instant;0.0008542377383754773
supersede;0.0008519651469809675
innovator;0.0008519651469809675
revolutionize;0.0008519651469809675
completely;0.0008514704597541658
user;0.0008502293593656773
simply;0.0008480967865428365
fuel;0.0008471791158172833
progressing;0.0008471791158172833
fossil;0.0008471791158172833
devil;0.000845772318861361
alien;0.000843283263461779
min;0.0008429508111785369
omg;0.0008429508111785369
butt;0.0008429508111785369
enrich;0.0008398226463081246
headline;0.0008398226463081246
tittle;0.0008398226463081246
frigging;0.0008373703977728954
owner;0.0008322473496696935
communist;0.0008287626102170458
pinko;0.0008287626102170458
fearmongering;0.0008287626102170458
filth;0.0008287626102170458
deploy;0.0008252888404719093
center;0.0008249620490024569
forgot;0.0008249620490024569
signal;0.000824211204840036
getting;0.0008218233954336765
communicate;0.0008218233954336765
wdym;0.0008218233954336765
firm;0.0008214156447735842
convolute;0.000816336949719114
check;0.000816336949719114
philosophy;0.0008156125398678317
pessimistic;0.0008156125398678317
thinking;0.0008156125398678317
prevent;0.0008154601588350497
impossible;0.0008143245860582999
operation;0.0008105765507311542
bunch;0.0008092363950404223
allot;0.000808036203911736
toolroom;0.000808036203911736
doom;0.000808036203911736
speculation;0.000808036203911736
prompter;0.0008031860280289054
prompting;0.0008031860280289054
father;0.0008031860280289054
germany;0.0008019506447363576
hire;0.0008019506447363576
io;0.0008019506447363576
surpass;0.0008015871010959276
singularity;0.0008015871010959276
news;0.0008015871010959276
incentivize;0.0007961328535674685
expand;0.0007961328535674685
force;0.0007961328535674685
definitely;0.0007947521551074068
outcome;0.0007932194810467978
robotic;0.0007931147913391673
only;0.0007931147913391673
cpr;0.0007931147913391673
regular;0.0007904437617756577
furthermore;0.0007896887038930814
monster;0.0007879651222246638
programmed;0.0007879651222246638
called;0.0007879651222246638
reason;0.0007863320231247509
revenue;0.0007861815383446596
colonializing;0.0007836977946707681
colonize;0.0007836977946707681
flow;0.0007832151489176473
hidden;0.0007832151489176473
dissonance;0.0007832151489176473
agenda;0.0007832151489176473
cognitive;0.0007832151489176473
input;0.0007791010791332929
information;0.0007776935246482997
louisville;0.0007776935246482997
in;0.0007776935246482997
lap;0.0007776935246482997
anxiety;0.0007775740604727096
touch;0.0007737318560892042
learning;0.0007733544877178953
minimal;0.0007711778486107607
circuit;0.0007711778486107607
history;0.0007711778486107607
mobility;0.0007706821378571116
babysitter;0.0007706821378571116
disappear;0.0007703376852786262
tradesman;0.0007697100429151773
fucking;0.0007693833487479111
murder;0.0007693833487479111
putin;0.0007693833487479111
graduate;0.0007666763542821095
flesh;0.0007646791204664205
heck;0.0007575025460119168
venture;0.0007568461220741901
basis;0.0007568461220741901
alternate;0.0007568461220741901
member;0.0007565088868564432
employ;0.0007565088868564432
union;0.0007565088868564432
caveman;0.0007563568612712861
anarchy;0.0007563568612712861
math;0.0007553737149871412
son;0.0007553737149871412
sink;0.0007535720627359593
surgeon;0.0007512000432718995
utter;0.000750316400103736
delusion;0.000750316400103736
fail;0.000749624334269785
analysis;0.0007489410922733677
wealth;0.0007483241129537665
emotion;0.0007457154207728093
depth;0.0007457154207728093
adaptability;0.0007457154207728093
perception;0.0007457154207728093
motor;0.0007457154207728093
nervous;0.0007456245191835876
sweating;0.0007456245191835876
lenin;0.0007424102277974874
kama;0.0007424102277974874
ka;0.0007424102277974874
mile;0.0007424102277974874
sincerely;0.000742342334829024
king;0.0007417086949598488
seriously;0.0007406361507706378
robin;0.0007406361507706378
moly;0.0007406361507706378
holy;0.0007406361507706378
oriel;0.0007406361507706378
gallery;0.0007406361507706378
peanut;0.0007406361507706378
chime;0.0007406361507706378
upselling;0.0007404093240138701
idiot;0.0007404093240138701
produce;0.0007370869341440961
agility;0.0007370869341440961
all;0.0007361812042409913
surely;0.0007361812042409913
exist;0.0007359188407014377
child;0.00073462319088872
lawyer;0.0007295731069072776
examples;0.0007238321591954385
synthesize;0.0007238321591954385
superior;0.0007238321591954385
protein;0.0007238321591954385
identify;0.0007238321591954385
folding;0.0007238321591954385
cancer;0.0007238321591954385
mainly;0.0007230645665721317
active;0.0007218754249089166
express;0.0007218754249089166
likely;0.0007216153842723555
american;0.0007209625031096331
bird;0.0007209625031096331
farming;0.0007209625031096331
fee;0.0007209625031096331
agent;0.0007203890042821326
skynet;0.0007196116304222837
kill;0.0007196116304222837
warning;0.0007196116304222837
overall;0.0007180055516206913
flaw;0.000717474347962951
nearly;0.0007144089861892822
commit;0.0007118102780919592
assist;0.0007118102780919592
decision;0.0007091669659601462
bos;0.0007091669659601462
hack;0.0007060506507164443
boob;0.0007060506507164443
blow;0.0007060506507164443
nose;0.0007060506507164443
curve;0.0007008261101584695
exponential;0.0007008261101584695
ready;0.0006989402173317645
hu;0.0006968605147509596
tm;0.0006968605147509596
bhi;0.0006968605147509596
present;0.000694627615462421
creatives;0.0006941426704264056
currently;0.0006941426704264056
suppose;0.0006919147885954292
autonomous;0.0006903870111837927
vehicle;0.0006903870111837927
prediction;0.0006900600894908413
truth;0.0006887417788244133
lord;0.0006878026557285709
bible;0.0006878026557285709
havoc;0.0006878026557285709
demon;0.0006878026557285709
reek;0.0006878026557285709
heroine;0.0006870615117293367
glass;0.0006870615117293367
significant;0.0006870615117293367
female;0.0006870615117293367
handle;0.0006784999127842078
automobile;0.0006732054630360139
rid;0.0006716164723898541
dollar;0.0006716164723898541
walmart;0.0006716164723898541
checkout;0.0006716164723898541
monkey;0.0006706217284086968
dumb;0.0006706217284086968
destroyer;0.0006706217284086968
account;0.0006704065632790853
communism;0.0006704065632790853
regulate;0.0006681272122733606
threat;0.0006681272122733606
bum;0.0006681272122733606
slow;0.0006661236391254371
lesson;0.0006647963165272441
useful;0.0006647963165272441
japan;0.0006647963165272441
cnc;0.000660353292033027
auto;0.000660353292033027
shortage;0.000660353292033027
space;0.000660353292033027
everywhere;0.000660353292033027
machinist;0.000660353292033027
manage;0.0006599441108166677
verify;0.0006599245960327613
left;0.0006589056508661115
rightly;0.0006589056508661115
stable;0.0006589056508661115
return;0.0006589056508661115
orwell;0.0006585774046949783
jamison;0.0006585774046949783
quote;0.0006585774046949783
borg;0.0006585774046949783
assimilate;0.0006585774046949783
activity;0.0006585774046949783
complexity;0.0006585774046949783
devolve;0.0006585774046949783
futile;0.0006585774046949783
resistance;0.0006585774046949783
approach;0.0006576861009161291
sub;0.0006565417635960545
subscriber;0.0006565417635960545
fair;0.0006565417635960545
combo;0.0006545932830528706
extra;0.0006545932830528706
magnitude;0.0006545932830528706
sequel;0.0006500315122402794
elysium;0.0006500315122402794
th;0.0006500315122402794
slice;0.0006500315122402794
billionth;0.0006500315122402794
fancy;0.0006483701393243756
del;0.0006483701393243756
solely;0.0006473772978587442
equitable;0.0006473772978587442
middle;0.0006469791148338977
meet;0.0006449685874111941
equation;0.0006446779517153915
challenge;0.0006396810992776591
land;0.0006369021041498987
pension;0.0006368628480331242
shareholder;0.0006358168078056245
that;0.0006358168078056245
potentially;0.0006345650783101615
fitter;0.0006336360365813902
jib;0.0006336360365813902
welder;0.0006336360365813902
masonry;0.0006336360365813902
pipe;0.0006336360365813902
drywaller;0.0006336360365813902
player;0.0006309658456091462
weaken;0.0006309658456091462
promised;0.0006309658456091462
lawsuit;0.0006309658456091462
deliver;0.0006309658456091462
major;0.0006309658456091462
fabricate;0.0006303072860762274
malfunction;0.0006303072860762274
lld;0.0006303072860762274
facility;0.0006303072860762274
allegedly;0.0006303072860762274
correctly;0.0006303072860762274
university;0.0006288085135126831
bore;0.0006288085135126831
offer;0.0006288085135126831
chatty;0.0006288085135126831
minimum;0.0006284909377037346
logic;0.0006282463497809661
fed;0.0006270631646202284
stay;0.0006270631646202284
deflation;0.0006270631646202284
permanently;0.0006270631646202284
tamer;0.0006186938825197718
surge;0.0006186938825197718
keeper;0.0006186938825197718
reasoning;0.0006152199701196612
cheating;0.0006152199701196612
average;0.0006152199701196612
aka;0.0006152199701196612
deductive;0.0006152199701196612
regulation;0.0006152199701196612
thus;0.0006116443464223095
bounce;0.0006107007472270089
phenomenon;0.0006107007472270089
global;0.0006107007472270089
bullish;0.0006107007472270089
poland;0.0006107007472270089
quickly;0.0006107007472270089
productivity;0.0006098685620233373
band;0.0006090807707717648
flood;0.0006085753398358611
distant;0.0006085753398358611
low;0.0006085753398358611
writer;0.0006085753398358611
though;0.0006085753398358611
sit;0.0006045004026346503
enter;0.0006040918775845026
industrial;0.000601532446911302
fallacy;0.0006007922696871454
millionaire;0.0006007922696871454
sleep;0.0006007922696871454
reproduce;0.0006007922696871454
radio;0.0006003422822709275
station;0.0006003422822709275
ye;0.0006003422822709275
drop;0.0006003422822709275
wisdom;0.0005972109846448096
economical;0.0005913470835729783
demonstration;0.0005913470835729783
crap;0.0005913470835729783
hardship;0.0005913470835729783
shenanigan;0.0005913470835729783
headache;0.0005913470835729783
expect;0.0005897760405765763
music;0.0005887748693522113
collar;0.0005872109898486729
hallucinate;0.0005872109898486729
ball;0.0005851803727060044
pursuit;0.0005839444229829937
frost;0.0005839444229829937
pleasure;0.0005839444229829937
fairness;0.0005839444229829937
jack;0.0005839444229829937
astonish;0.0005839444229829937
exceptional;0.0005839444229829937
possibility;0.0005803887611555782
closer;0.0005762580257265562
distracting;0.0005762580257265562
impression;0.0005762580257265562
shower;0.0005762580257265562
massive;0.0005762060632664033
grant;0.0005735120429368299
performance;0.0005717017495707796
devastation;0.0005665531017436529
atomic;0.0005665531017436529
bomb;0.0005665531017436529
concept;0.0005657059462362956
feed;0.0005604165615819168
transport;0.0005602042225053153
sadly;0.0005588278346744724
forklifts;0.0005588278346744724
forklift;0.0005588278346744724
crisis;0.0005583585161958606
unaffordable;0.0005583585161958606
poppet;0.0005549194834345233
sin;0.0005549194834345233
ego;0.0005549194834345233
terminators;0.0005549194834345233
awaken;0.0005549194834345233
devilish;0.0005549194834345233
large;0.0005528639951006483
locally;0.0005506435189372384
smoke;0.0005506435189372384
tune;0.0005506435189372384
screen;0.0005506435189372384
beach;0.0005506435189372384
stroll;0.0005506435189372384
cut;0.0005506435189372384
blunt;0.0005506435189372384
front;0.0005506435189372384
caption;0.0005496182192509016
effective;0.0005496182192509016
excessive;0.0005496182192509016
simplify;0.0005496182192509016
generator;0.0005496182192509016
color;0.0005445424866404262
working;0.0005445424866404262
diverse;0.0005445424866404262
male;0.0005445424866404262
request;0.000543592376258379
fill;0.000543592376258379
digitize;0.000543592376258379
mess;0.000543592376258379
automatically;0.000543592376258379
hello;0.000543592376258379
amount;0.0005435415084603576
correspond;0.0005435415084603576
how;0.0005435415084603576
unable;0.0005432646152549478
budget;0.0005432646152549478
miss;0.0005432646152549478
grocery;0.0005432646152549478
homeschooling;0.0005432646152549478
night;0.0005432646152549478
purge;0.0005430180407581664
rest;0.0005430180407581664
daughter;0.0005430180407581664
meanwhile;0.0005430180407581664
weed;0.0005430180407581664
embed;0.0005430180407581664
tough;0.0005430180407581664
transition;0.0005413360293568695
net;0.0005410965316532708
relax;0.0005394221141846262
hurry;0.0005394221141846262
peaceful;0.0005394221141846262
tire;0.0005394221141846262
accomplish;0.0005394221141846262
interaction;0.0005385481580927219
streamline;0.0005365769999907445
engagement;0.0005365769999907445
audience;0.0005365769999907445
core;0.0005365769999907445
decide;0.0005351461695473566
anyway;0.0005351461695473566
burn;0.000534058560704298
badly;0.000534058560704298
academical;0.000534058560704298
disastrous;0.000534058560704298
explode;0.000534058560704298
implementation;0.0005329157135022682
downside;0.0005322373919637674
brave;0.0005322373919637674
refuse;0.0005322373919637674
heart;0.0005317512985371304
voice;0.0005312174283356814
qualify;0.0005304852540471011
vertical;0.0005304852540471011
hvac;0.0005264639428726411
pic;0.0005264639428726411
atrade;0.0005264639428726411
nuance;0.00052469840138673
enthusiasm;0.00052469840138673
curator;0.00052469840138673
raw;0.00052469840138673
aside;0.00052469840138673
common;0.0005215381804056713
intervention;0.0005204861744173966
involve;0.0005204861744173966
competency;0.0005204861744173966
oversight;0.0005204861744173966
accept;0.0005204861744173966
megawatt;0.000519080167028668
harness;0.000519080167028668
moore;0.000519080167028668
beside;0.000519080167028668
terawatts;0.000519080167028668
custom;0.0005123948053289735
image;0.0005123948053289735
essay;0.0005123948053289735
novel;0.0005123948053289735
fraction;0.0005123948053289735
relation;0.0005109615914534591
related;0.0005109615914534591
recruiter;0.0005109615914534591
wreck;0.0005109615914534591
consultant;0.0005109615914534591
poverty;0.0005108282253927939
willing;0.0005086184709792023
spending;0.0005086184709792023
mindset;0.0005086184709792023
careful;0.0005086184709792023
claim;0.0005086184709792023
usage;0.0005086184709792023
advisor;0.0005086184709792023
retail;0.0005074531629204856
subside;0.0005058281175782642
apple;0.0005058281175782642
accordingly;0.0005027877344455107
collective;0.0005027877344455107
pure;0.0005027877344455107
merges;0.0005027877344455107
mr;0.0005027877344455107
interact;0.0005027844970717907
manufacture;0.0005027844970717907
innovative;0.0005027844970717907
jobless;0.0005027844970717907
asshole;0.0005010156179115782
rather;0.0005010156179115782
raise;0.0005010156179115782
hierarchy;0.0005010156179115782
collect;0.0005003540244296574
condition;0.0005001604764162382
individual;0.0005001604764162382
complicate;0.0005001604764162382
perhaps;0.0004999099896643446
total;0.0004999099896643446
gradually;0.0004999099896643446
decades;0.0004999099896643446
luck;0.0004821208008242622
basement;0.0004821208008242622
wake;0.0004821208008242622
party;0.0004776471360248431
vice;0.00047684704949309986
duhhh;0.00047684704949309986
protector;0.00047684704949309986
leech;0.00047684704949309986
bigot;0.00047684704949309986
pusher;0.00047684704949309986
structure;0.00047684704949309986
seat;0.00047684704949309986
propaganda;0.00047684704949309986
bull;0.00047684704949309986
conscious;0.00047523795554280985
story;0.00046469045572708614
catch;0.00046469045572708614
ineptly;0.00046469045572708614
mud;0.0004645736765006397
nazi;0.0004645736765006397
ancestor;0.0004643841005019755
pollution;0.0004643841005019755
hypothetically;0.0004643841005019755
technically;0.0004643841005019755
embrace;0.00045864589744493443
appreciate;0.00045864589744493443
applicable;0.00045864589744493443
trash;0.00044423184955056267
rank;0.00044423184955056267
marketplace;0.00044423184955056267
organization;0.00044423184955056267
theorize;0.00044423184955056267
spillover;0.00044423184955056267
aim;0.00044423184955056267
freaky;0.00044423184955056267
useless;0.00044423184955056267
bet;0.00044423184955056267
nowadays;0.000443143966827544
foundation;0.000443143966827544
microsoft;0.000443143966827544
authority;0.000443143966827544
regard;0.000443143966827544
indication;0.000443143966827544
fault;0.0004424784727630111
null;0.00043038900751735874
stateless;0.00043038900751735874
achieve;0.00043038900751735874
premium;0.00042930176097128456
license;0.00042930176097128456
mason;0.00042930176097128456
unfortunately;0.00042629893197300504
percent;0.00042629893197300504
earnings;0.00042629893197300504
intent;0.00042511467968283864
coder;0.00042511467968283864
innovate;0.0004180042550378305
locus;0.0004180042550378305
together;0.0004180042550378305
rugged;0.0004180042550378305
individualism;0.0004180042550378305
competition;0.0004180042550378305
outwork;0.0004180042550378305
internal;0.0004180042550378305
viable;0.0004162905858177566
community;0.0004162905858177566
hairdresser;0.0004162905858177566
bartender;0.0004162905858177566
connection;0.0004162905858177566
plummeting;0.0004162905858177566
mention;0.0004162905858177566
foster;0.0004162905858177566
stride;0.0004162905858177566
client;0.0004162905858177566
hardware;0.0004162905858177566
qualitatively;0.0004162905858177566
sticky;0.00041307554285290195
price;0.00041307554285290195
observe;0.00041307554285290195
dwindling;0.00041307554285290195
consumer;0.00041307554285290195
previously;0.00041147190059830866
inherent;0.00041147190059830866
legit;0.00041147190059830866
exploit;0.00041147190059830866
easily;0.00041147190059830866
satisfy;0.00041096950996067944
procedure;0.00041096950996067944
professor;0.00041096950996067944
borrow;0.00041096950996067944
permit;0.00041096950996067944
cite;0.00041096950996067944
runtime;0.00041096950996067944
assignment;0.00041096950996067944
plagiarize;0.00041096950996067944
presentation;0.00041096950996067944
hustle;0.00040446328242587883
practical;0.00040446328242587883
upskill;0.00040446328242587883
reliable;0.00040446328242587883
youtube;0.00040446328242587883
decent;0.00040446328242587883
unpractical;0.00040446328242587883
occupy;0.00040446328242587883
academic;0.00040446328242587883
side;0.00040446328242587883
bridge;0.0003992112070702461
chore;0.0003992112070702461
coordinated;0.0003992112070702461
carry;0.0003992112070702461
refine;0.0003992112070702461
manner;0.0003992112070702461
endgame;0.0003992112070702461
capability;0.000396205814410838
displacement;0.000396205814410838
multitude;0.000396205814410838
uncertainty;0.000396205814410838
advent;0.000396205814410838
issue;0.000396205814410838
spark;0.000396205814410838
technological;0.000396205814410838
similarly;0.000396205814410838
unsettling;0.000396205814410838
unique;0.000396205814410838
sew;0.000396205814410838
lack;0.000396205814410838
suggest;0.00039522188088782884
disposable;0.00039522188088782884
collapse;0.0003924867592736615
coat;0.0003924867592736615
desk;0.0003924867592736615
sugar;0.0003924867592736615
workforce;0.0003924867592736615
capacity;0.0003924867592736615
majority;0.0003924867592736615
little;0.00038955053956664647
limited;0.00038955053956664647
define;0.00038955053956664647
parameter;0.00038955053956664647
commercial;0.00038955053956664647
safely;0.00038955053956664647
reduced;0.00038955053956664647
interpretation;0.00038955053956664647
puppet;0.0003887870302363548
ambition;0.0003887870302363548
livelihood;0.0003887870302363548
continuously;0.0003887870302363548
place;0.0003887870302363548
bombard;0.0003887870302363548
corporate;0.0003887870302363548
shake;0.0003887870302363548
cushy;0.0003886448352529375
limit;0.0003886448352529375
alternative;0.0003886448352529375
sake;0.0003886448352529375
behind;0.0003886448352529375
decay;0.00038233956023321023
wither;0.00038233956023321023
beg;0.00038233956023321023
aspire;0.00038233956023321023
immortal;0.00038233956023321023
cling;0.00038233956023321023
blessed;0.00038233956023321023
moment;0.00038233956023321023
disgust;0.00038233956023321023
certainty;0.00038233956023321023
temple;0.00038233956023321023
strength;0.00038233956023321023
biomass;0.00038233956023321023
steel;0.00038233956023321023
weakness;0.00038233956023321023
crude;0.00038233956023321023
purity;0.00038233956023321023
messiah;0.00038233956023321023
crave;0.00038233956023321023
definition;0.00038088924394091785
isolate;0.00038088924394091785
asses;0.00038088924394091785
statement;0.00038088924394091785
research;0.00038088924394091785
asi;0.00038088924394091785
category;0.00038088924394091785
obsession;0.00037079668435409174
growth;0.00037079668435409174
sum;0.00037079668435409174
psychosis;0.00037079668435409174
countless;0.00037079668435409174
post;0.00037079668435409174
sociopath;0.00037079668435409174
fight;0.00036752392061768763
amazon;0.00036752392061768763
daily;0.00036752392061768763
assumption;0.00036752392061768763
mercedes;0.00036752392061768763
example;0.00036752392061768763
film;0.0003470713352132028
finance;0.0003470713352132028
bing;0.0003470713352132028
backward;0.0003470713352132028
dramatically;0.0003470713352132028
gaming;0.0003470713352132028
bottom;0.0003470713352132028
design;0.0003470713352132028
photo;0.0003470713352132028
imagination;0.00034542021150168236
unknown;0.00034542021150168236
capitalist;0.00034542021150168236
wrap;0.00034542021150168236
dependent;0.00034542021150168236
native;0.00034542021150168236
memory;0.00034542021150168236
fade;0.00034542021150168236
revere;0.00034542021150168236
ancient;0.00034542021150168236
civilization;0.00034542021150168236
sacred;0.00034542021150168236
intuition;0.00034542021150168236
decipher;0.00034542021150168236
technique;0.00034542021150168236
andrew;0.00034519350559189635
poorer;0.00034519350559189635
uber;0.00034519350559189635
rail;0.00034519350559189635
lyft;0.00034519350559189635
automated;0.00034519350559189635
choice;0.00034519350559189635
dash;0.00034519350559189635
yang;0.00034519350559189635
just;0.00033485658548720366
salad;0.00033485658548720366
filler;0.00033485658548720366
paradigm;0.00033485658548720366
dexterity;0.00033485658548720366
familiar;0.00033485658548720366
roster;0.00033485658548720366
utilize;0.00033485658548720366
proficiency;0.00033485658548720366
various;0.00033485658548720366
malevolent;0.00033485658548720366
infrastructure;0.00032884305045806453
accessible;0.00032884305045806453
accrue;0.00032884305045806453
select;0.00032884305045806453
reconsider;0.00032884305045806453
inflate;0.00032884305045806453
beneficial;0.00032884305045806453
necessitates;0.00032884305045806453
unsustainable;0.00032884305045806453
centric;0.00032884305045806453
cluster;0.00032884305045806453
gpus;0.00032884305045806453
promise;0.00032884305045806453
extensive;0.00032884305045806453
contradict;0.00032884305045806453
inclusive;0.00032884305045806453
empower;0.00032884305045806453
slower;0.00032884305045806453
primarily;0.00032884305045806453
daron;0.0003241850696621878
century;0.0003241850696621878
inequality;0.0003241850696621878
arise;0.0003241850696621878
et;0.0003241850696621878
employer;0.0003241850696621878
al;0.0003241850696621878
acemoglu;0.0003241850696621878
compositional;0.0003241850696621878
buggy;0.0003225486391414153
integrate;0.0003225486391414153
widespread;0.0003225486391414153
facilitate;0.0003225486391414153
whip;0.0003225486391414153
legislation;0.0003225486391414153
pc;0.0003225486391414153
speed;0.0003225486391414153
steroid;0.0003225486391414153
unrecognizable;0.0003225486391414153
enormous;0.0003225486391414153
apart;0.0003225486391414153
destruction;0.0003225486391414153
ten;0.0003225486391414153
vanish;0.0003225486391414153
bjp;0.0003184314240165621
state;0.0003184314240165621
congress;0.0003184314240165621
monthly;0.0003184314240165621
excited;0.0003142454688518673
checker;0.0003142454688518673
charge;0.0003142454688518673
recently;0.0003142454688518673
impressed;0.0003142454688518673
arm;0.0003142454688518673
leg;0.0003142454688518673
disgruntled;0.0003142454688518673
mcdonald;0.0003142454688518673
demeanor;0.0003142454688518673
speak;0.0003142454688518673
flawless;0.0003142454688518673
burnout;0.00029360549492433644
certain;0.00029360549492433644
qa;0.00029360549492433644
existence;0.00029360549492433644
breakthrough;0.00029360549492433644
technician;0.00029360549492433644
validate;0.00029360549492433644
score;0.00029360549492433644
blue;0.00029360549492433644
worthless;0.00029360549492433644
empathy;0.00029360549492433644
irobot;0.00029360549492433644
trouble;0.00029219798753664025
christ;0.00029219798753664025
receive;0.00029219798753664025
preaching;0.00029219798753664025
device;0.00029219798753664025
implant;0.00029219798753664025
spirit;0.00029219798753664025
soul;0.00029219798753664025
master;0.00029219798753664025
inevitable;0.0002867560214684149
innovation;0.0002867560214684149
invention;0.0002867560214684149
wave;0.0002867560214684149
tab;0.0002867560214684149
water;0.0002867560214684149
setting;0.0002815399621135825
dance;0.0002815399621135825
patient;0.0002815399621135825
essentially;0.0002815399621135825
acting;0.0002815399621135825
perspective;0.0002815399621135825
obvious;0.0002815399621135825
third;0.0002815399621135825
sport;0.0002815399621135825
position;0.0002815399621135825
special;0.0002815399621135825
massage;0.0002815399621135825
elderly;0.0002815399621135825
health;0.0002815399621135825
physiotherapy;0.0002815399621135825
ballet;0.0002815399621135825
theater;0.0002815399621135825
chiropractic;0.0002815399621135825
opera;0.0002815399621135825
interested;0.00028129385121466744
dotdotdot;0.00028129385121466744
analogy;0.00028129385121466744
contribute;0.00028129385121466744
specificism;0.00028129385121466744
dive;0.00028129385121466744
exchange;0.00028129385121466744
precious;0.00028129385121466744
switch;0.00028129385121466744
consult;0.00028033550203509166
transform;0.00028033550203509166
eliminate;0.00028033550203509166
card;0.00028033550203509166
increased;0.00028033550203509166
partnership;0.00028033550203509166
scope;0.00028033550203509166
operational;0.00028033550203509166
scm;0.00028033550203509166
comprehend;0.00028033550203509166
entirely;0.00028033550203509166
description;0.00028033550203509166
others;0.00028033550203509166
handful;0.00028033550203509166
excellence;0.00028033550203509166
directly;0.00028033550203509166
thrown;0.00028033550203509166
actual;0.00028033550203509166
vc;0.00028033550203509166
insult;0.0002755315318913833
disrespect;0.0002755315318913833
fulfillment;0.0002755315318913833
physically;0.0002755315318913833
motivated;0.0002755315318913833
profession;0.0002755315318913833
official;0.0002755315318913833
abuse;0.0002755315318913833
bereavement;0.0002755315318913833
fresh;0.0002755315318913833
proper;0.0002755315318913833
student;0.0002755315318913833
pupil;0.0002755315318913833
grow;0.0002755315318913833
ill;0.0002755315318913833
blame;0.0002755315318913833
threaten;0.0002755315318913833
principle;0.0002755315318913833
mannered;0.0002755315318913833
battle;0.0002755315318913833
joy;0.0002755315318913833
bash;0.0002755315318913833
newly;0.0002755315318913833
compute;0.0002755315318913833
pull;0.00026145187320901605
quick;0.00026145187320901605
yuppie;0.00026145187320901605
mistake;0.00026145187320901605
semi;0.00026145187320901605
nowhere;0.00026145187320901605
cloud;0.00025541411269639695
city;0.00025541411269639695
sotheby;0.00025541411269639695
nots;0.00025541411269639695
globally;0.00025541411269639695
divide;0.00025541411269639695
amazement;0.00025541411269639695
uppermost;0.00025541411269639695
auction;0.00025541411269639695
isolated;0.00025541411269639695
part;0.00025541411269639695
afar;0.00025541411269639695
whilst;0.00025541411269639695
panorama;0.0002529140587891321
actualize;0.0002529140587891321
assistant;0.0002529140587891321
neurological;0.0002529140587891321
vast;0.0002529140587891321
contentedness;0.0002529140587891321
eye;0.0002529140587891321
tiktoks;0.0002529140587891321
sx;0.0002529140587891321
vision;0.0002529140587891321
gently;0.0002529140587891321
headset;0.0002529140587891321
inject;0.0002529140587891321
prove;0.0002529140587891321
activate;0.0002529140587891321
message;0.0002529140587891321
pm;0.0002529140587891321
mechanism;0.0002529140587891321
twitch;0.0002529140587891321
reaction;0.0002529140587891321
connect;0.0002529140587891321
sedate;0.0002529140587891321
specialized;0.00024012966809404418
oversee;0.00024012966809404418
norm;0.00024012966809404418
interface;0.00024012966809404418
qualification;0.00024012966809404418
ethic;0.00024012966809404418
intelligent;0.00024012966809404418
integrator;0.00024012966809404418
upcoming;0.00024012966809404418
dangerous;0.00024012966809404418
mechanical;0.00024012966809404418
commercialize;0.00024012966809404418
enterprise;0.00024012966809404418
potential;0.00024012966809404418
fix;0.00024012966809404418
datasets;0.00024012966809404418
ethical;0.00024012966809404418
age;0.00024012966809404418
robots;0.00024012966809404418
youtuber;0.00023228683825031986
aage;0.00023228683825031986
jake;0.00023228683825031986
chat;0.00023228683825031986
popeye;0.00023228683825031986
pas;0.00023228683825031986
koi;0.00023228683825031986
kidney;0.00023228683825031986
key;0.00023228683825031986
coding;0.00023228683825031986
kay;0.00023228683825031986
jo;0.00023228683825031986
ek;0.00023228683825031986
itn;0.00023228683825031986
sab;0.00023228683825031986
dar;0.00023228683825031986
legta;0.00023228683825031986
copilot;0.00023228683825031986
sky;0.00023228683825031986
ilia;0.00023228683825031986
mana;0.00023228683825031986
bid;0.00023228683825031986
hut;0.00023228683825031986
beau;0.00023228683825031986
beat;0.00023228683825031986
tier;0.00023228683825031986
asia;0.00023228683825031986
hero;0.00023228683825031986
delhi;0.00023228683825031986
nevada;0.00023228683825031986
dull;0.00021519450375867937
alignment;0.00021519450375867937
kurt;0.00021519450375867937
measurable;0.00021519450375867937
exhaust;0.00021519450375867937
intentionally;0.00021519450375867937
faith;0.00021519450375867937
handicap;0.00021519450375867937
friction;0.00021519450375867937
adopt;0.00021519450375867937
moot;0.00021519450375867937
comparing;0.00021519450375867937
controlled;0.00021519450375867937
understanding;0.00021519450375867937
safety;0.00021519450375867937
afterlife;0.00021519450375867937
replicate;0.00021519450375867937
cobain;0.00021519450375867937
weight;0.00021519450375867937
predates;0.00021519450375867937
defeat;0.00021519450375867937
package;0.00015921571200828104
casteism;0.00015921571200828104
gh;0.00015921571200828104
ght;0.00015921571200828104
divided;0.00015921571200828104
uk;0.00015921571200828104
ugh;0.00015921571200828104
hit;0.00015921571200828104
bhy;0.00015921571200828104
smk;0.00015921571200828104
smh;0.00015921571200828104
indian;0.00015921571200828104
usa;0.00015921571200828104
politically;0.00015921571200828104
rupee;0.00015921571200828104
dr;0.00015921571200828104
dtg;0.00015921571200828104
modi;0.00015921571200828104
ddd;0.00015921571200828104
kingdom;0.00015921571200828104
province;0.00015921571200828104
lmk;0.00015921571200828104
lac;0.00015921571200828104
lakh;0.00015921571200828104
mk;0.00015921571200828104
